{"cameraMode":{"drawMode":0,"name":"Shaded","section":"Shading Mode"},"sceneLighting":true,"audioPlay":false,"sceneViewState":{"m_AlwaysRefresh":false,"showFog":true,"showSkybox":true,"showFlares":true,"showImageEffects":true,"showParticleSystems":true,"showVisualEffectGraphs":true,"m_FxEnabled":true},"in2DMode":false,"pivot":{"x":-10.520193099975586,"y":4.874247074127197,"z":-2.5068159103393556},"rotation":{"x":0.33129966259002688,"y":0.025763753801584245,"z":-0.009049898013472557,"w":0.9431358575820923},"size":5.992812156677246,"orthographic":false}