{"cameraMode":{"drawMode":0,"name":"Shaded","section":"Shading Mode"},"sceneLighting":true,"audioPlay":false,"sceneViewState":{"m_AlwaysRefresh":false,"showFog":true,"showSkybox":true,"showFlares":true,"showImageEffects":true,"showParticleSystems":true,"showVisualEffectGraphs":true,"m_FxEnabled":true},"in2DMode":false,"pivot":{"x":-5.019999980926514,"y":0.27000004053115847,"z":3.680000066757202},"rotation":{"x":0.35889050364494326,"y":-0.5032646059989929,"z":0.24143648147583009,"w":0.7480905652046204},"size":7.889578819274902,"orthographic":false}