{"cameraMode":{"drawMode":0,"name":"Shaded","section":"Shading Mode"},"sceneLighting":false,"audioPlay":false,"sceneViewState":{"m_AlwaysRefresh":false,"showFog":true,"showSkybox":false,"showFlares":true,"showImageEffects":true,"showParticleSystems":true,"showVisualEffectGraphs":true,"m_FxEnabled":true},"in2DMode":false,"pivot":{"x":-0.7629528045654297,"y":-1.1107401847839356,"z":-1.5509586334228516},"rotation":{"x":0.35889050364494326,"y":-0.5032646059989929,"z":0.24143648147583009,"w":0.7480905652046204},"size":0.4330126941204071,"orthographic":false}